{
    "name": "DHT sensor library for ESPx", 
    "keywords": [
        "onewire", 
        "1-wire", 
        "bus", 
        "sensor", 
        "temperature"
    ], 
    "description": "Arduino ESP library for DHT11, DHT22, etc Temp & Humidity Sensors. Last changes: Fixed auto detection of sensor types.", 
    "repository": {
        "type": "git", 
        "url": "https://github.com/beegee-tokyo/DHTesp.git"
    }, 
    "version": "1.0.11", 
    "frameworks": [
        "arduino"
    ], 
    "platforms": [
        "atmelavr", 
        "atmelsam", 
        "espressif32", 
        "espressif8266", 
        "intel_arc32", 
        "microchippic32", 
        "nordicnrf51", 
        "nordicnrf52", 
        "ststm32", 
        "ststm8", 
        "teensy", 
        "timsp430"
    ], 
    "license": "GPL-3.0-only", 
    "homepage": "http://desire.giesecke.tk/index.php/2018/01/30/esp32-dht11/", 
    "authors": [
        {
            "email": null, 
            "url": "https://github.com/beegee-tokyo", 
            "maintainer": false, 
            "name": "Bernd Giesecke"
        }
    ], 
    "id": 2029
}